Feature,MI_Score
F2230,0.053394228842436386
F3912,0.04741559230584014
F3484,0.011844795226251925
F1863,0.01028620265534752
F3898,0.009564135117486217
F1501,0.009112894644241143
F1495,0.008989140327753109
F1381,0.008678133097125174
F267,0.008068558643793189
F1489,0.008029682134565452
F1827,0.00792471822291163
F1821,0.00792471822291163
F1755,0.007868264734659625
F1597,0.007858109779845801
F1603,0.007600104890292836
F3805,0.007576562368279194
F1814,0.007542028657208877
F3800,0.0075264356759465745
F3811,0.007516398617487208
F1609,0.007509112545209473
F1393,0.007406255247126903
F3496,0.007395548441605504
F1815,0.007353763171948358
F1713,0.007350235520688586
F1719,0.007350235520688586
F1387,0.007236698591794877
F1707,0.0072337753588047615
F3490,0.007229612243078831
F1861,0.007120313245470022
F2486,0.0070826274168304115
F270,0.006900080656581098
F2143,0.006893279958353871
F2149,0.006893279958353871
F2489,0.00686137233704831
F1057,0.006847930451104878
F2686,0.006832308203357895
F1611,0.006827338799574978
F1605,0.006791902638445424
F1825,0.00678480654309388
F1753,0.006763064219269421
F1819,0.006748957457501814
F2030,0.006743807648918132
F3801,0.006664766344294248
F1711,0.006531854604693521
F1717,0.006531854604693521
F1177,0.006502841672652249
F949,0.006499930866152526
F3532,0.0064903113748584484
F1063,0.006437354825606256
F1165,0.006414443177358398
F3700,0.0063812884209273335
F471,0.006374575666304727
F3640,0.006360540579636975
F1215,0.006348686122807368
F2145,0.006296356381928714
F2151,0.006296356381928714
F1705,0.006288092182009319
F3799,0.00621427033670674
F1171,0.006207989462162389
F1069,0.006204186208136897
F3806,0.006188464091967494
F1273,0.006181304303012003
F1502,0.006157298837160208
F1496,0.006121120018152348
F1179,0.006108226799242722
F1826,0.006100748659431776
F1813,0.006100054607062311
F1647,0.00609947502392072
F1490,0.00606922002310939
F3813,0.00605105579480647
F1820,0.005990931258233911
F2484,0.005973778234653837
F2138,0.005959478421945996
F1285,0.005947416219125645
F2137,0.005845398397286372
F469,0.005839721421618815
F1706,0.00582942894391747
F3807,0.00582543744014119
F3748,0.0057667127495585335
F3812,0.005759170066869546
F1167,0.005735403821454765
F159,0.005714027091611618
F1105,0.0057108612369216605
F1064,0.00568280024811163
F2387,0.0056814911538514146
F1599,0.005660421498312029
F1927,0.005650293923600835
F1933,0.00564649709926468
F1382,0.005628300113436957
F1166,0.005607780637017834
F3598,0.005600758060904987
F3706,0.005594741190389718
F1275,0.005569742022539348
F1281,0.005553481624647971
F957,0.00554881633028359
F1491,0.0055197827962713
F2042,0.0055156252420494045
F1921,0.005494261402501643
F573,0.00546432995927526
F1497,0.0054450067261354596
F2144,0.0054288444570240735
F3712,0.005411849695163062
F955,0.005405772719141555
F64,0.005399659787586053
F2182,0.00539287240132158
F2036,0.00533077031903928
F1212,0.005327283465129007
F3321,0.0053173429707048525
F1058,0.00531161927072521
F2150,0.0052985669507849
F1279,0.005241806933032334
F1059,0.005231102020342604
F1172,0.005169691897607964
F1503,0.0051488779498393145
F265,0.005138921573859312
F1718,0.0051310446844392565
F1178,0.005107215939951226
F1539,0.005102312933708664
F1712,0.00507816299554098
F3604,0.005026319691707637
F1429,0.005003335041301571
F1071,0.004998843601611069
F961,0.004988894068001626
F960,0.0049789861200197905
F266,0.004973917460690425
F1929,0.004961375388837341
F1935,0.004961375388837341
F1818,0.0049567138784401
F2392,0.00495365776667378
F2586,0.004945761460249054
F2139,0.0049276969859934905
F1394,0.004904025657390121
F504,0.00488669979813805
F1498,0.004873830022301351
F996,0.004834055666968373
F2031,0.0048279470811386505
F3913,0.0048073630537481815
F1923,0.004797283616682635
F550,0.004782278840066767
F60,0.004777655561291838
F2390,0.004724974316472674
F2684,0.004709430087821542
F1598,0.004687770707213157
F2787,0.00465960509002783
F102,0.00465684655179166
F2043,0.004651697746445138
F2037,0.004651697746445138
F502,0.0045794077828857915
F1376,0.004567796386393708
F1104,0.004549419540768818
F1395,0.004541667785069037
F2029,0.004536780439205801
F26,0.004529492906172661
F3410,0.004496289638423412
F950,0.0044532365590849166
F2388,0.004453172160936214
F1383,0.004450167865547194
F1274,0.004449456855982747
F951,0.004447102278378301
F1645,0.004435933582026652
F1323,0.004426146964322641
F1173,0.0044160966555046866
F3642,0.0043926133151906965
F1287,0.004385633114107557
F2041,0.004370070021214589
F2035,0.004370070021214589
F135,0.004345972082446803
F2288,0.004336352583185543
F1213,0.004329021233485553
F1858,0.004327774331341128
F2386,0.004314158584391992
F1922,0.004307223118807713
F1388,0.0043060330234646615
F3386,0.00428784895659462
F1860,0.004285980389840516
F2385,0.0042382290653206756
F1065,0.004217486411034588
F2074,0.0042002008908142985
F1107,0.004192187192271546
F962,0.004181686085354963
F1101,0.004180225477521837
F1604,0.004176641833961936
F3643,0.004174310460669184
F3106,0.004171212735798235
F886,0.004131213946849455
F3367,0.0041247807377060575
F3207,0.004099019450264141
F1389,0.004095532623085152
F162,0.004068112085396036
F1610,0.004064326669527607
F1286,0.004059804837609815
F2079,0.004043660255165671
F157,0.004033949257119862
F3908,0.0040241019433404634
F3347,0.004019477101419366
F3238,0.00399983907296475
F1824,0.003994421988114061
F3108,0.003988824640248634
F3258,0.003986143608345594
F3292,0.003979366754086167
F3451,0.003958792932293398
F2784,0.00394759973185399
F1070,0.003944722062030226
F1541,0.003936767612344738
F3208,0.0039284084994888335
F1102,0.003922581849254869
F3163,0.003914161825015472
F3219,0.003909802068472135
F3105,0.003908660031804012
F3265,0.003896951431960116
F3296,0.003870052707200977
F3104,0.0038634503414290977
F2894,0.003847746104928107
F568,0.003824700934021874
F3103,0.0038185308523522865
F2485,0.003807321749808912
F2487,0.00379442360386395
F268,0.0037867714791571805
F1529,0.0037711482615826464
F18,0.0037406430041631022
F3489,0.003728974749345082
F2785,0.003728886961890554
F3464,0.0037229950238156784
F3369,0.0037203242075811715
F1431,0.0037175336932914194
F1280,0.0037113370247204847
F1644,0.0037066768388492877
F2181,0.003706319665352842
F3832,0.003686847048814612
F3309,0.0036695814725187237
F2184,0.003659398693832916
F3224,0.003653877382755577
F3886,0.003643313995440489
F1968,0.0036309779268597353
F3165,0.0036268991889490954
F3096,0.0036115429992112924
F1103,0.00360702723731543
F2845,0.003606272002027233
F3753,0.003595448104811938
F3423,0.0035766507165782002
F1535,0.0035713993546876432
F2290,0.003570068752627442
F161,0.003569508429360546
F3672,0.0035546016957564985
F1083,0.0035469953888461747
F3206,0.003544179805772485
F1214,0.0035348520232101333
F2777,0.0035308506850221244
F2997,0.003530403082701694
F1537,0.0035278650101224773
F3454,0.0035235707719395437
F3380,0.003521724137167337
F1536,0.0035199944980226494
F742,0.0035175581207197437
F956,0.0035058538101144787
F3270,0.0035025830504189504
F3281,0.0035001314440253894
F1112,0.0034958394400735893
F952,0.0034942603144544337
F963,0.003485729370609758
F1926,0.0034817322246755156
F2443,0.003481423595428912
F3067,0.003475423095228969
F2998,0.003474891777185851
F1379,0.003464595277758331
F3252,0.003463553165164779
F2250,0.003456762966728477
F1534,0.003449877316377137
F3394,0.0034438024037579673
F1633,0.0034431736010243075
F1174,0.0034387194657496956
F3328,0.0034370761001584205
F1219,0.003419556106289412
F1854,0.0034152608000702633
F1205,0.003413828166168087
F2256,0.0034133540074163804
F3719,0.0034111231411004805
F3833,0.0034092873923703415
F65,0.0034074233316782054
F3285,0.0034072592632526932
F1754,0.0034069861059412565
F3332,0.003406675387614966
F2622,0.003403910968603374
F1168,0.003402930986102337
F158,0.003401173818384895
F208,0.0033961864161248245
F3834,0.003372220960073724
F1855,0.0033659915967018117
F3072,0.003361503571536417
F2093,0.003358789913109783
F3429,0.0033493105710427074
F994,0.0033457836295582855
F207,0.0033424621105163643
F3751,0.003326158126100598
F3107,0.003322569748183013
F1965,0.003314246331391102
F2681,0.0033085664963062866
F1853,0.0032961874980601547
F3185,0.003291059758185888
F121,0.00328612908762127
F1435,0.0032815765413314324
F3242,0.0032702922735129425
F2179,0.003261370177690792
F1928,0.0032613217357974067
F1500,0.0032534263825751975
F999,0.0032525229918122234
F66,0.0032495892722415043
F20,0.003247411162585645
F2191,0.0032411536474880043
F1639,0.0032400190169002974
F3175,0.00323831457180912
F3535,0.0032313991037057344
F2483,0.0032292821952819573
F512,0.003224218522984268
F1868,0.003216885769213973
F160,0.003215145125889385
F153,0.0032143239266877455
F1270,0.003209186538712605
F3279,0.0032041367568430568
F3727,0.0032012431619752313
F1856,0.0031991918975448064
F62,0.0031915674628378854
F3277,0.003189841309365171
F2937,0.0031848754205676677
F3171,0.003183172085494901
F3914,0.003180787137108676
F3196,0.003179450788302951
F3217,0.0031737916229194196
F3470,0.0031671153500705262
F1109,0.00316646526719333
F3048,0.0031608809541977534
F1320,0.003159134402384578
F3499,0.003156828523828259
F3416,0.003153161920889991
F1857,0.0031529324915769985
F225,0.003146767407832818
F2291,0.0031467309553671052
F1934,0.0031435167195140723
F3750,0.003137689932184884
F948,0.0031258442240229556
F59,0.003120468441216051
F371,0.0031185875628987336
F1321,0.0031175750940998226
F1969,0.0031173008029601323
F3001,0.0031145516839578002
F1932,0.0031143702358436
F368,0.003114044207354616
F3354,0.003113702928414286
F3245,0.0031098862194263166
F1971,0.00310790529536209
F3322,0.0031058412169988614
F367,0.0031003665220518117
F3293,0.0030966854239190544
F2584,0.003088015592622173
F997,0.003087831219016235
F2891,0.0030861396746313385
F1427,0.0030835866558837077
F2071,0.0030711660930475837
F2188,0.003070372926323728
F450,0.0030633687672745324
F229,0.0030615069661590333
F122,0.003060055703188236
F3534,0.0030595733503836486
F3198,0.0030321237185374494
F3112,0.0030318252817734814
F1528,0.0030317717471155525
F3376,0.003030606680497039
F217,0.003030163780903372
F3457,0.0030262535668539314
F444,0.003012867939840347
F1492,0.0030116811054140546
F1210,0.0030106972950370015
F2183,0.0030016339285369176
F1809,0.0029977060388787224
F2893,0.002997217706569466
F1278,0.0029968186523012807
F3305,0.0029936222389093103
F3136,0.002990776060270983
F1836,0.002987678931703819
F1652,0.0029838848427802267
F3266,0.002978537439032536
F3351,0.0029784131096380895
F2352,0.00297375523078125
F448,0.002970720311872621
F3201,0.002970411613762991
F3079,0.002966784106436915
F3592,0.002966608688336869
F3567,0.002953290266114905
F1420,0.0029530505887149783
F1066,0.0029525002902798247
F3276,0.002950554969953334
F2077,0.0029449157415007976
F1714,0.002942779925790062
F2438,0.0029417148663094528
F425,0.0029404765678895384
F3002,0.0029362265053600733
F2999,0.002936021878080952
F406,0.0029312933854724887
F3783,0.002927421735988034
F2348,0.002925916250896554
F1432,0.002923359833099881
F116,0.0029232307962892
F2345,0.002923088374539806
F991,0.0029221591408953307
F1701,0.0029219334817143228
F3645,0.0029216074914908408
F3173,0.0029173798870129053
F3400,0.0029163555044683376
F2651,0.0029144505429578027
F63,0.002909757970603999
F3487,0.0029088411308177964
F3330,0.002906580526769953
F2292,0.002904409352983528
F3254,0.0029024726311628335
F3462,0.002898467592206244
F1099,0.0028978424986469964
F210,0.002897036615450488
F2685,0.0028876014343909295
F3262,0.002882740272105222
F947,0.0028765231291969506
F1169,0.00287254062797182
F3189,0.0028708078609175347
F1391,0.00286705373100693
F223,0.0028651602907338036
F2442,0.002857607634168313
F1708,0.002854353167954793
F3709,0.002845734793210042
F453,0.0028421025368917663
F3406,0.0028411986122619526
F3558,0.0028392406199083675
F1543,0.002838780664529139
F3493,0.002834939392278968
F1530,0.00283397499126381
F3419,0.002830572059450698
F144,0.002830203504307849
F193,0.0028191440760964026
F3644,0.0028188624582355937
F1319,0.002814865639670927
F3430,0.002810011844157745
F1867,0.002809361304836333
F2852,0.002807342870799645
F3063,0.0028059502547090887
F2645,0.0028057407943974377
F3311,0.002802615827606214
F2076,0.002801564005173507
F2185,0.0027975873253702765
F3440,0.002792493211732916
F1750,0.0027916898719120287
F3065,0.0027834403335734725
F3467,0.0027814515290438546
F1710,0.002781041499550607
F3212,0.0027807298118427415
F2354,0.00277974001973047
F2192,0.002776059076679993
F2346,0.00277245998109521
F1315,0.002768809433601249
F3215,0.0027686041741691314
F1060,0.0027676423706450848
F2355,0.002765359754459573
F1477,0.0027649638154401135
F3896,0.002758197593666911
F3804,0.002757948186360659
F1272,0.002753052825482216
F2293,0.002752473237675579
F571,0.0027522966097079937
F3698,0.002749516270431629
F2889,0.002748297445360648
F1640,0.0027468339419882692
F3323,0.00274620813916715
F3387,0.00274157598165925
F844,0.002739686052626422
F3443,0.0027372795927581572
F958,0.002736494810243517
F3225,0.002724789740776945
F3055,0.0027247525973264075
F3070,0.0027222045177874854
F3271,0.002721291551092242
F3601,0.0027194657845238668
F1726,0.002718272538507538
F3337,0.0027174154543320173
F1812,0.0027173485310113543
F3216,0.002715341398476845
F3156,0.0027109160385216935
F2637,0.0027082263277289353
F1054,0.002703724974007393
F2480,0.0027014531639713013
F3564,0.002699040866620761
F3669,0.002699032014689906
F1003,0.002698381821086948
F228,0.0026963250412164186
F1201,0.0026926411603861444
F231,0.002692238763749577
F3357,0.00268483958056287
F261,0.0026842562255423585
F3873,0.002683696582431394
F1466,0.0026835461080491063
F3899,0.0026811535259956276
F3241,0.002680287250825364
F3221,0.002679883076951328
F954,0.002678325664944081
F1380,0.0026713132021668473
F250,0.002669114973931186
F2389,0.0026686890653374595
F3461,0.0026677559377563664
F1294,0.0026649610083094855
F3514,0.0026617409460014674
F2449,0.002660749481610214
F1430,0.002658988507529214
F3195,0.002658400226904112
F1862,0.0026525143129192408
F1317,0.0026519270507153747
F3876,0.0026516731744218314
F113,0.0026486247821281284
F3203,0.0026442065708154328
F2114,0.00263764726905491
F730,0.0026373141165837444
F2841,0.002629167369333385
F3289,0.0026278979013537596
F3071,0.002626171270470823
F2940,0.0026247843782868374
F1259,0.00262355429967176
F1746,0.002623324105403335
F2959,0.002621346836936822
F1538,0.002618669470968449
F1964,0.0026164214550922216
F2448,0.0026149958048933275
F3355,0.0026140593356404063
F369,0.0026114398002963224
F572,0.0026091846035547483
F2643,0.0026090321517010517
F3068,0.002607666576031953
F1897,0.0026024800841540907
F1046,0.0025978202672571893
F1635,0.0025967760344883795
F3046,0.002588749837490134
F1384,0.002587827426296374
F3447,0.002587649885513299
F3275,0.0025817840418429494
F3749,0.0025797319006225505
F3226,0.002573516580637314
F163,0.0025708505173313023
F3187,0.0025706101077337395
F1062,0.0025704617643954597
F1716,0.0025688945359620963
F3056,0.0025662827717501946
F2525,0.002564857257394082
F1864,0.0025525996032541576
F2955,0.002552034613864551
F3438,0.0025496349478012492
F3426,0.0025464585494846537
F977,0.002545106305381295
F1802,0.0025442676214453286
F3662,0.0025375083239570495
F2966,0.0025367659474230253
F3313,0.002534564929147276
F1859,0.002534064688772819
F1963,0.0025329526544947134
F3101,0.0025231111135389783
F470,0.002518328080361565
F2847,0.0025151502653296687
F3263,0.002513233819645855
F1924,0.002512389215456712
F3306,0.0025112052907961813
F435,0.0025094823047111525
F3390,0.002508023802730519
F3150,0.0024986225131011786
F2072,0.0024952279476698758
F988,0.0024941040000254766
F3502,0.0024931393157919812
F3316,0.002491597267614054
F3237,0.002491275756939193
F3481,0.002490542972032439
F3411,0.002489057045376164
F891,0.0024887840264296024
F2289,0.0024867727425447184
F1108,0.0024818222780175203
F3856,0.0024771537526693255
F3472,0.0024769473785165586
F3636,0.002474476174724627
F3378,0.0024710586089201625
F3404,0.002470418048503009
F1211,0.0024691320655880755
F164,0.0024675969018166377
F1704,0.002464150217110661
F625,0.0024634571356695334
F2846,0.002461978613300775
F1067,0.002461257778472614
F1434,0.002460934780611934
F634,0.0024568189301327203
F3580,0.0024564639985728
F219,0.0024518449041286416
F3227,0.0024506730401380183
F953,0.002448300162000261
F3396,0.0024480409307202633
F1702,0.002446993106634543
F3402,0.0024469614311606325
F3257,0.00244258854189483
F24,0.002440766992454768
F1106,0.0024386725553322552
F3634,0.0024333119008698167
F3069,0.0024321946331411493
F1056,0.0024320331473687284
F3194,0.002429389919731406
F3059,0.0024279136978624383
F1811,0.002427184986714015
F2032,0.0024262553892548944
F847,0.0024258883507326523
F2187,0.002421032835872916
F2085,0.002419335543056844
F1747,0.0024171185065132716
F3061,0.002417021371931116
F3066,0.002415745392471802
F3641,0.002415051209486596
F1422,0.0024069097568177877
F1436,0.002406755137067673
F1642,0.0024065490353986085
F1309,0.0024024823713780785
F407,0.002399692493364358
F1028,0.002394884715142931
F2190,0.002394879391389826
F3268,0.0023940653274248103
F2003,0.0023898811153526545
F1262,0.0023856809884161834
F2960,0.002384983795682749
F1423,0.0023843118709940825
F1366,0.0023837284453585017
F2080,0.0023798296117863993
F2351,0.0023744699178338546
F3446,0.002373629226879781
F1125,0.002373450837756752
F3798,0.002372087930424316
F1909,0.002372034807135659
F3559,0.002370617137797071
F3310,0.0023653313700182643
F2450,0.0023638219813492123
F1653,0.002362200681152782
F2034,0.0023616864546661676
F1540,0.002361466033185655
F2124,0.0023540532654288127
F1751,0.0023534420534799816
F3064,0.0023529436751712485
F3158,0.0023502517545024304
F3407,0.002349210682376146
F101,0.0023480679963095996
F2009,0.0023464042134460072
F2956,0.002345198987063868
F2059,0.002341351301308525
F3110,0.0023370995182393495
F1195,0.002336058509627925
F119,0.00233543342018272
F2134,0.0023320851830676004
F2444,0.00233168528468064
F2950,0.002330993588647634
F2436,0.0023301853212894796
F2792,0.0023290188814040214
F1428,0.002326242438432713
F3738,0.002323072316174235
F3113,0.0023175264511560156
F3368,0.002316072308245487
F2644,0.0023154632090639504
F68,0.0023145473538699335
F3455,0.002313844514104435
F3180,0.0023112271240223192
F3342,0.00231114979671454
F2585,0.0023107590194247907
F995,0.002310593477016676
F427,0.0023088949244824963
F2078,0.0023085433987425352
F3294,0.002308091331916229
F2848,0.0023061216393011064
F1608,0.002301374194068395
F1111,0.0022963977401503355
F230,0.002293537920880384
F3222,0.0022932107531655754
F1405,0.0022874804862531573
F3397,0.0022869716688307395
F3810,0.0022867527761587514
F3218,0.002280138920982888
F1284,0.00227411386574361
F2447,0.002273467362974513
F3062,0.0022721236207291495
F3057,0.0022690748659514037
F3160,0.002266617298807283
F1421,0.0022653305662176937
F3098,0.0022637089296138058
F1283,0.002261706646743966
F2533,0.0022593780041508804
F3232,0.0022590358877775385
F1907,0.0022586109937640098
F850,0.002257709233322247
F578,0.0022554664059890595
F2453,0.00225340533044327
F3363,0.002251198145840849
F2142,0.0022499832198811243
F2073,0.002248971901060881
F3177,0.002248730712176128
F3667,0.002246734316262211
F3149,0.002242695115389992
F3471,0.002241873698743624
F3298,0.0022415290243319452
F462,0.0022411594285645098
F1938,0.002240907991875263
F2339,0.002240013404608221
F1548,0.0022312533131190193
F1693,0.0022257810305499337
F2062,0.0022248442066519214
F419,0.002223621771373474
F1237,0.0022220521424340944
F3742,0.0022164552990958653
F3300,0.0022133732330059663
F3280,0.0022100221896257377
F2044,0.002206423826613735
F959,0.0022023847509433647
F241,0.0022012596687049912
F553,0.002200562456378008
F569,0.0021941295717268217
F2026,0.0021934551805602442
F1162,0.0021899091051362785
F2488,0.002189827637606223
F3392,0.0021892969614007995
F3060,0.0021872546741883436
F555,0.0021848556667181107
F3744,0.0021841441631269554
F2379,0.002183247457277382
F3835,0.0021831131675645876
F3291,0.002181782372557395
F946,0.002181365703700089
F2391,0.0021710648219388506
F1086,0.002169994740356951
F3209,0.002169494129025229
F460,0.002167398903691664
F3360,0.0021641993565113538
F1600,0.002162771516688422
F3374,0.0021617845757818666
F3181,0.0021613951078089944
F3058,0.0021599289291482915
F3664,0.0021595038457296045
F3100,0.0021592090316472357
F2395,0.0021584619855494758
F889,0.002154464748296392
F3295,0.002150938305849337
F2851,0.0021491131029371946
F2649,0.002148269486098364
F3272,0.002147348811076588
F2140,0.0021376918934856715
F2147,0.002134985991841587
F2223,0.0021342597295451737
F3561,0.0021333844244872946
F111,0.0021332916843600502
F204,0.0021329296642044193
F3442,0.002127058120647729
F1081,0.002122876721135314
F3841,0.0021218615314583245
F496,0.002121816773132945
F2148,0.00212135604319319
F3346,0.0021193231101385157
F1117,0.0021072561484916097
F3274,0.00210714213348151
F2890,0.002104741662584342
F3422,0.0021034717837278283
F118,0.0021014406292014787
F2639,0.0021003030671817857
F1318,0.0021000939212302283
F2176,0.0020987920683338546
F264,0.002097898689140121
F97,0.002097306525445042
F604,0.002096410340495014
F3393,0.0020963728218347244
F1504,0.002092726470023676
F2141,0.0020923301034089237
F2843,0.0020866484374468808
F1472,0.0020845626417961283
F1737,0.0020843254151092783
F705,0.0020818227517128696
F2829,0.002081591802831406
F3872,0.0020798839249088763
F3675,0.002079344053932952
F1562,0.002077876287364
F3259,0.002076921298171497
F3458,0.0020720296629614943
F2109,0.0020701226137210815
F3639,0.002069752143656123
F421,0.002068582635106564
F1188,0.0020678056370129205
F3837,0.002064462808684664
F1800,0.0020638458129310644
F846,0.002061183867277938
F429,0.0020611079480392647
F3671,0.0020607617774579534
F3286,0.0020596158025147915
F3519,0.0020522079392832904
F1852,0.002051885970848044
F1386,0.002051725791969883
F54,0.002050170863815426
F3583,0.0020495759497182187
F3501,0.002048679719801161
F154,0.00204762661874347
F2961,0.002045514475419008
F2158,0.0020451556167568885
F3240,0.0020442580757544793
F58,0.0020432929385494347
F2964,0.0020430212801000325
F3602,0.002042288818121407
F3875,0.0020383004106241387
F139,0.002037496213639245
F3412,0.0020373740093241333
F3384,0.00203715568123386
F2056,0.0020355782269196876
F1898,0.0020338659396238468
F3555,0.002032732331807341
F3840,0.0020309624559370354
F1974,0.0020303678864944663
F1572,0.002028749021421028
F3139,0.0020257867149610087
F1869,0.0020238810928787654
F567,0.0020217501164615514
F1312,0.00202038660701942
F1957,0.0020191316923221514
F3839,0.002010204184850206
F2123,0.002003243050905823
F2381,0.002002610948594774
F1734,0.0019987248303725558
F1411,0.001994447127423582
F2017,0.0019885806943057416
F1061,0.001987681317489609
F1324,0.00198726637944846
F1087,0.0019845432090259685
F2844,0.001984094954204707
F1203,0.001981575123522372
F1585,0.001981255367775381
F69,0.0019807928123282137
F1594,0.001975545762547992
F1602,0.0019731527830283424
F2832,0.0019694002508739983
F1759,0.00196868769309011
F3377,0.0019674191682775843
F3269,0.0019669520283205344
F3752,0.001966539751182439
F3211,0.0019631363271571667
F3154,0.001962651404289417
F199,0.0019598996969569793
F3916,0.0019592142145159475
F2446,0.0019557955366165114
F853,0.0019548614161742917
F3299,0.0019541882101440367
F442,0.001953185452858275
F3498,0.001951244591382184
F3325,0.0019487249407285079
F3153,0.001945864531624375
F3463,0.0019445283320562723
F3284,0.0019431325768974883
F3329,0.001941672938633121
F1732,0.0019378005014020205
F2855,0.0019361445094635554
F3761,0.0019318706922548667
F156,0.0019305598935427382
F418,0.0019287961646323737
F2650,0.0019273446962028151
F2479,0.0019241802585757695
F1625,0.0019241039715528485
F718,0.0019227889765595085
F2577,0.0019217686282940738
F3004,0.0019216739622229806
F745,0.0019207242422258908
F3283,0.001916715262270774
F3003,0.0019129120446178538
F2086,0.0019088206859220191
F2197,0.001908164801574741
F511,0.0019074963787097943
F255,0.0019061070498180843
F3895,0.0019057946461186193
F3710,0.0019050058191619756
F1277,0.0019030771517524192
F466,0.0018947420971028306
F1621,0.0018929499298036
F1761,0.001891496120577485
F3230,0.001890104232755374
F838,0.0018900521318052643
F1385,0.0018891034123811323
F3492,0.0018882717904596946
F3188,0.001883269281080624
F166,0.0018823048555685062
F3362,0.0018805961773747937
F3302,0.0018791369890993614
F1976,0.0018782265931052144
F1282,0.001877347049782374
F434,0.001877031759473291
F3441,0.0018746011845298671
F1302,0.0018731605807987828
F2640,0.00187190856782804
F1216,0.001870879261578362
F1966,0.0018705784865866715
F3690,0.001870226121066354
F1637,0.0018682073422598977
F964,0.0018677441010694906
F3796,0.001867716192260338
F206,0.00186708610567754
F2225,0.0018670807547256363
F3573,0.0018664440058465681
F3234,0.0018661089125032726
F2125,0.0018658938729544383
F3540,0.001863395443010063
F1936,0.0018615814489548743
F3167,0.0018579663349991282
F98,0.0018555524640869736
F2588,0.00185516988896417
F3190,0.0018549445550343213
F61,0.0018540912002235066
F1378,0.0018517283920884697
F1097,0.0018507180825275693
F3871,0.0018505071644198123
F3808,0.001850134111561319
F513,0.0018489671936854357
F3838,0.0018480525084804134
F3246,0.0018426857170383837
F3444,0.0018423313567692556
F2146,0.0018397399791312274
F3334,0.0018356131580745672
F1678,0.0018354936799964694
F1816,0.0018317644932448474
F138,0.0018286872970449952
F3491,0.0018276167834510026
F1255,0.0018264093440638618
F1208,0.0018253376285004563
F3861,0.001824693274153688
F3159,0.0018242938105936801
F3395,0.0018219657440796677
F3510,0.0018201498387527826
F3282,0.0018192383696087333
F765,0.00181808783684545
F1447,0.0018150037421764686
F2786,0.0018149187703282443
F2781,0.0018149118689576582
F3480,0.0018130302847846336
F1141,0.0018099098908689326
F2780,0.001808854643684743
F222,0.0018039136199328176
F3622,0.0018012087220662387
F114,0.0018006774516297064
F1606,0.0017986495844880546
F2040,0.0017960291783601923
F2481,0.0017916095761173478
F3859,0.0017898551339742275
F799,0.001789317386658773
F294,0.0017892898711996397
F499,0.0017888135712438302
F3578,0.0017879917285696934
F3890,0.0017834949102238928
F3371,0.0017827667980849782
F1872,0.0017821996899470838
F601,0.0017793484177657248
F3352,0.0017791565033551393
F3775,0.0017789308029608764
F3228,0.001778492838821144
F428,0.0017757176643492523
F2340,0.001770656823783634
F1322,0.0017680334147641696
F3174,0.001767235432156733
F201,0.0017653338831317145
F3333,0.0017635270441785922
F3388,0.001763255434872768
F1748,0.001761373511190989
F3243,0.0017602316473868118
F3465,0.0017598704080044048
F2958,0.001759804787011543
F125,0.0017592031107346306
F1186,0.001753883103305598
F2725,0.0017534014845008716
F3166,0.0017521959640161011
F3756,0.0017520393356100783
F1189,0.0017507252061871315
F57,0.0017500393735360165
F259,0.0017496654717213955
F3248,0.0017485673439080474
F1865,0.0017464750151819919
F1646,0.0017458502373663976
F370,0.0017453967762164346
F1925,0.0017443738645298579
F3421,0.001743495753726676
F3842,0.0017404739448114714
F3317,0.0017396258084669824
F3255,0.0017395095669089367
F3648,0.0017394793559488697
F1681,0.0017358091003885079
F2842,0.0017354444503312472
F2736,0.0017335612142822532
F133,0.001732849925742852
F3735,0.0017315110786124688
F3476,0.001731220766968522
F753,0.0017303705735050023
F2957,0.0017302698349941359
F3267,0.001728777384665925
F558,0.0017284992890209683
F3784,0.001727876634036063
F1488,0.0017257269837993583
F411,0.0017240932415949484
F1851,0.0017208118910314596
F333,0.0017180061929478185
F1306,0.0017138086896039129
F2587,0.001713560802036107
F1325,0.0017118977612019526
F661,0.0017067129145341697
F3607,0.001706423556616321
F3297,0.0017063678385274006
F3536,0.0017036937969017174
F1930,0.0017034093529650907
F3459,0.0017019493007774944
F1525,0.0017008677910430592
F1209,0.0017005305519246505
F878,0.001697951360310479
F3711,0.0016970830576313878
F1303,0.0016965356479441418
F3142,0.0016952194880170968
F1962,0.0016946955541800035
F1542,0.0016945977966114079
F3485,0.0016939829914444093
F1251,0.0016933910270106045
F1486,0.0016932612155495796
F3256,0.001693196599521385
F3214,0.0016920661570717366
F234,0.0016915211031758304
F1972,0.0016893939525541857
F2136,0.001687621476649026
F451,0.0016849629111702624
F465,0.0016846975286829435
F3495,0.0016841594071911326
F3250,0.0016819780025296716
F3624,0.0016816926955316447
F556,0.0016815949352915194
F3220,0.0016811584601562624
F2452,0.001681072532461525
F262,0.0016807103384808286
F1690,0.0016804032026347393
F3336,0.0016792871019476463
F2675,0.0016791639866278185
F1194,0.0016788892426935487
F1425,0.0016772141887165803
F1006,0.0016770597514933483
F1723,0.0016770475204985758
F1758,0.001675685663457882
F649,0.0016736455868164857
F3717,0.001672126870139734
F1351,0.001671853596853179
F987,0.0016716048974788622
F1513,0.00167028406652725
F2021,0.001668699683788799
F1000,0.0016685983052424636
F1709,0.0016678155876208578
F3603,0.0016673441509056364
F1545,0.0016639747916370462
F970,0.0016628374921757727
F630,0.0016612575305428035
F99,0.001659392139928606
F3379,0.0016576006511651586
F3184,0.0016574133357937226
F1954,0.001653765868177115
F2175,0.0016535601948086676
F136,0.0016534334652239524
F609,0.0016528994643296713
F3618,0.0016504406133631688
F1583,0.0016485847087189809
F1785,0.0016468653001955325
F1651,0.001646679880868973
F445,0.0016464925986648948
F3663,0.0016393961723446537
F3782,0.0016377297720934214
F3000,0.0016375828858701258
F2218,0.0016348132732987297
F3436,0.0016342775198334714
F628,0.0016319031487515012
F3533,0.0016303740365997132
F275,0.0016290773585828644
F529,0.001626647632495093
F3632,0.0016261105501291784
F2892,0.001623714100910334
F1369,0.0016220354213528632
F3340,0.0016219650312782052
F1977,0.0016214082040537647
F1527,0.0016205817943635292
F3691,0.0016174810984453947
F1823,0.001617194192759186
F3688,0.0016155143458985721
F120,0.0016146957744113122
F3247,0.0016127341366409809
F3822,0.0016116908766007354
F3843,0.0016103985313510316
F716,0.0016099810841397888
F363,0.0016065080467453363
F1662,0.0016064790893225434
F646,0.001605502632195721
F3350,0.0016050955331970984
F2083,0.0016038693787762126
F19,0.0016035486434209378
F972,0.0016001241138761113
F3595,0.0015979505799564864
F1096,0.001597699019153631
F3312,0.0015972432544805182
F3626,0.0015970907884599317
F2965,0.0015966152973813097
F260,0.0015946315841582903
F2441,0.0015913310698864036
F2849,0.0015913228702648663
F2294,0.001588865727763844
F3505,0.001588597869004893
F2625,0.0015871464439900507
F3649,0.001587019542585888
F626,0.0015854082386642654
F1520,0.0015851233897797856
F2953,0.0015838530679009866
F2857,0.0015834400153529327
F3345,0.0015831227888249977
F3169,0.0015793809273331183
F3893,0.0015790524566234865
F1092,0.0015786240583044453
F1683,0.0015780106990104237
F1191,0.0015778925349549944
F1159,0.0015754554519656905
F3200,0.0015739284521797403
F3358,0.0015715482365781241
F433,0.001570828346687092
F1231,0.0015696387553554292
F422,0.0015691857921423802
F3597,0.0015676901001082655
F3147,0.001567495218956827
F1424,0.0015672777043813646
F2180,0.0015671308518959703
F1163,0.0015621421331408758
F1475,0.0015618909082100174
F1760,0.0015612423767960015
F2856,0.0015612335897369212
F3568,0.0015599402760859693
F361,0.0015596079279792674
F55,0.0015574513520936195
F1749,0.0015559166587811868
F1794,0.0015553999747197622
F297,0.0015550589994527408
F1068,0.0015542691528972474
F1744,0.0015534451414395134
F721,0.0015522382934617385
F807,0.0015521705253439544
F3488,0.001548633504941721
F1607,0.0015471789363306065
F3417,0.0015437820408550351
F871,0.0015392336646371518
F3155,0.001535744364861702
F1407,0.0015346905518941467
F2171,0.0015327255201105228
F1487,0.0015309716884601698
F2677,0.0015295608848988618
F1074,0.0015291766742521196
F1510,0.001528754634676277
F3817,0.001526529323262249
F2018,0.001525839427533704
F126,0.0015258023271992327
F2676,0.0015231533474199255
F2213,0.001522558621401049
F1218,0.001522106469148743
F2440,0.0015158087622396677
F3331,0.0015157644950383187
F1955,0.001515711449164403
F918,0.0015133190688011444
F3825,0.0015104584038846403
F1220,0.0015054689173679137
F3420,0.001505400230292886
F1326,0.0015049639987360086
F3885,0.0015047850981531052
F209,0.0015002258916144706
F1426,0.0014979615175491068
F3176,0.0014945484169286427
F2177,0.0014908176077871316
F1797,0.0014897830984034188
F733,0.0014886882248672517
F2244,0.0014872130142228324
F1045,0.0014863134797756805
F782,0.0014855247445912934
F1822,0.0014848467271189048
F3373,0.0014828254115992756
F2014,0.0014789902463230309
F3466,0.0014789892368369806
F2135,0.0014763590637573154
F218,0.0014748033074237776
F1627,0.001473509625315339
F2949,0.0014702203929616298
F3405,0.0014689118468371731
F3494,0.0014661685622754383
F3627,0.0014656026231915087
F2111,0.0014651517735801978
F2356,0.00146419632288608
F2954,0.0014620694632313525
F3716,0.0014615793432338764
F1100,0.0014562711833500108
F1459,0.001456125859863877
F614,0.0014558017202549456
F525,0.0014543412408828393
F522,0.0014540584204831841
F1202,0.0014533862021248733
F3326,0.0014525855041895852
F3372,0.0014523210674257658
F1596,0.0014518103327034737
F2634,0.0014469285580480662
F3314,0.0014461631427648003
F623,0.0014459681347120945
F3370,0.001444831031867988
F110,0.0014447437437113964
F2010,0.0014437179392372546
F3836,0.0014436683857581567
F1950,0.001442613303784479
F3162,0.001441758544859284
F1114,0.001440975915994791
F3486,0.001440328370602706
F1207,0.0014390050393585652
F2120,0.001438180397542621
F3288,0.0014366887057289945
F3425,0.001435470347385559
F1996,0.001431298418578364
F1240,0.001430728732062625
F2067,0.0014306296369591687
F1764,0.001430478842609384
F476,0.0014287784955667737
F3007,0.001427766516303941
F3164,0.0014270519346312183
F1837,0.0014241401002359488
F224,0.0014239209407707065
F3764,0.0014217953109447734
F1570,0.0014198172003018206
F2229,0.001417456537081363
F3450,0.0014174487274670744
F3661,0.0014153399398734168
F1012,0.0014119995903344451
F3319,0.001408147763070411
F2951,0.0014079510916642501
F2038,0.0014077195425646893
F2722,0.0014072494432262328
F3403,0.001406146436990774
F2741,0.0014061250976822315
F3737,0.0014048922637329708
F3401,0.001400174968889889
F2189,0.0013999394154364797
F3456,0.0013993608529484503
F2057,0.0013986564918508915
F1918,0.0013986427516347044
F1947,0.0013945803341801621
F2963,0.001393587251054762
F976,0.0013932238197544855
F2349,0.001392623759230327
F2580,0.001391384068920476
F472,0.001391231198298648
F641,0.0013905928731200445
F3432,0.001389792576372506
F271,0.001388664291018693
F754,0.0013886354595329387
F2295,0.0013883391361857456
F2688,0.0013875491120737271
F3708,0.0013869554175239829
F1204,0.00138660527363621
F3500,0.001386394849079986
F3468,0.0013858422820767213
F3318,0.0013843488947069549
F1221,0.0013818522557336177
F3722,0.0013802485443131784
F570,0.001379214475675461
F929,0.0013779388692071182
F2129,0.0013779315891514488
F3511,0.001376505888422308
F3741,0.0013763013899812382
F1089,0.0013760903679354008
F1372,0.001375765030765419
F3696,0.0013747141327652423
F888,0.0013746532432650227
F3335,0.0013742926472086747
F3460,0.0013724964034791398
F2886,0.0013714624868227387
F740,0.0013703685726401682
F1138,0.0013700819354278693
F269,0.0013639165937471276
F1958,0.0013638042119585858
F3251,0.0013614479523225143
F3809,0.0013614418407338347
F3109,0.0013611461322677876
F1725,0.0013609320548736425
F1967,0.0013588049153970827
F321,0.0013562478825800417
F2168,0.0013555204518825859
F1199,0.00135463997510743
F3097,0.0013525456103713474
F109,0.0013503120210274222
F3680,0.001349653531473538
F1413,0.001349566677901315
F3437,0.0013493729910049046
F3338,0.0013488488388453401
F3623,0.0013473932634071595
F3820,0.0013470470248025945
F1398,0.0013444498936107108
F1499,0.0013440363999960292
F3168,0.0013425497225190153
F2491,0.0013411702590657715
F3619,0.0013376299370573275
F3855,0.0013362908502303483
F3375,0.0013347449096251518
F3186,0.0013347059816483098
F3148,0.0013318520907894538
F2342,0.0013306042072964708
F1055,0.0013297521926768363
F117,0.0013289233154020197
F900,0.0013238023714237102
F1170,0.001323584843975656
F1910,0.0013233620166999138
F2195,0.0013201866962467834
F3409,0.0013169932046518396
F2748,0.0013137088507793049
F1260,0.0013133742590190067
F3763,0.0013117614733182403
F1314,0.0013098302649177107
F944,0.0013084793863589184
F727,0.0013072705691791198
F854,0.0013030412493367782
F598,0.0013025776475056317
F1327,0.0013006526635694904
F2119,0.0012994809014416075
F1533,0.0012957567881616283
F2224,0.0012931890127341195
F1641,0.0012913575574377
F124,0.0012891362219036306
F2286,0.00128829796698815
F1224,0.001287816073935688
F3253,0.0012861753400813525
F3453,0.0012854399139925476
F1810,0.0012849559265668553
F736,0.0012844963768866569
F3082,0.0012840464507212213
F3192,0.0012830973920812117
F2169,0.0012830464145950904
F1920,0.001281715505498049
F772,0.0012813641444338053
F3679,0.0012807659554738837
F2284,0.0012802373012320567
F692,0.0012798311139066154
F3261,0.0012778250062904783
F30,0.0012760947090477703
F3638,0.0012752261138748722
F1531,0.0012750761132408472
F1883,0.0012715278339756608
F3849,0.0012715121494787374
F2260,0.0012694171707455792
F1522,0.0012689590317265242
F1735,0.0012685460127724868
F3526,0.0012671831183664883
F2437,0.0012668727296678561
F1900,0.0012665212256198766
F1416,0.0012645925020011717
F2203,0.001263853073015464
F3151,0.0012633270117227147
F1206,0.0012592824007990888
F324,0.0012589305153090091
F1493,0.001256960095121662
F3537,0.0012562670083451355
F2687,0.0012541150061187167
F2220,0.0012537238001035789
F1687,0.0012526893534039463
F1676,0.0012523046051839959
F3609,0.0012508603936768337
F1033,0.0012499314334332157
F3881,0.0012496859070569855
F3045,0.0012496100493871731
F1267,0.0012493513386040433
F2742,0.0012480987370175889
F3606,0.001246990624479749
F2962,0.0012458791306129147
F410,0.0012451163501036033
F3600,0.0012444821592011435
F1951,0.001244478245029934
F3308,0.0012412343509881074
F1582,0.0012395816669592552
F115,0.0012371247615682313
F3512,0.0012353364818543655
F507,0.001234790396877572
F3439,0.001233136230467058
F2850,0.0012320682396858018
F360,0.0012315141672020191
F762,0.0012302554162409995
F2895,0.0012257628592937664
F2193,0.001225591941652171
F1184,0.0012255037327160156
F263,0.001225230348416484
F3576,0.0012250948567776865
F635,0.0012245315431279602
F2084,0.0012241252451085094
F3581,0.0012236143375359276
F1842,0.0012235890696578045
F3081,0.0012229052798720108
F1618,0.0012226815495315346
F2854,0.0012210918995567699
F627,0.0012206203716098596
F836,0.0012204628871012035
F1461,0.0012202843951312214
F1665,0.0012192737576262047
F2858,0.0012176242947044003
F1156,0.0012170459352373042
F2007,0.0012124324866469305
F3780,0.0012105070524611738
F3448,0.0012095659394485425
F1437,0.001209105811341149
F2091,0.001208875005813459
F1151,0.0012081194976548693
F993,0.0012079176140563641
F3264,0.0012040422924305405
F771,0.0012020040376043983
F938,0.0011999072508759312
F2161,0.0011985581967763892
F505,0.0011984136313505367
F564,0.0011967874674180257
F804,0.001196187871218335
F1403,0.0011937234475959402
F2049,0.0011937153931036448
F1551,0.00119231146045784
F1048,0.0011918049630030847
F1919,0.001190575208392608
F672,0.0011894435590104058
F3906,0.0011890443485300661
F2789,0.0011886334817653443
F2052,0.00118702192882425
F2068,0.0011867674680781093
F3202,0.0011853558894182603
F1050,0.0011833470291036097
F2019,0.0011830927756302234
F1691,0.0011829313286230159
F998,0.0011828892149413628
F1550,0.001182555341557756
F2898,0.0011820068730715727
F3797,0.0011790988470902208
F1462,0.0011790467396404214
F2186,0.0011766056423467841
F890,0.0011765213543321051
F2548,0.0011761376533925283
F1464,0.0011723871914645079
F3434,0.0011707407086214427
F796,0.001169559883972604
F14,0.0011690685262542022
F939,0.00116888028494877
F3705,0.0011684467153082467
F3315,0.0011663722409848143
F3802,0.0011663031693307513
F1473,0.0011657442878201252
F1638,0.0011656633593931653
F3530,0.0011640981853552335
F1775,0.0011628257710161183
F1328,0.0011607424561840274
F373,0.0011564788867711728
F2853,0.0011559389390786157
F3695,0.0011547486414186237
F1845,0.0011541978953960585
F3544,0.0011535721753800354
F3747,0.001152946304105229
F1767,0.0011514747738018416
F2353,0.0011484721919978735
F309,0.0011450401392292253
F1655,0.0011435667172197128
F1615,0.0011418255634635388
F3911,0.0011417305488945484
F523,0.0011402216153916234
F167,0.0011396478748237904
F2064,0.0011334392726326525
F1471,0.001131013026515415
F1478,0.0011270402949521419
F3304,0.001125467323309426
F744,0.0011253965063509064
F2952,0.001123534787759839
F3539,0.001123062977018141
F3191,0.0011210436186582795
F2382,0.0011202219405584968
F3339,0.001116759911496401
F3528,0.0011163589496222537
F3789,0.00111635807193744
F3522,0.001116030703904869
F3365,0.0011157725413478703
F1443,0.0011149049634384678
F1703,0.0011128277129588415
F3730,0.0011117331706971267
F408,0.0011096757920705524
F1390,0.0011068833705908387
F2164,0.0011062336050634558
F1361,0.0011056610515892684
F3223,0.0010995460102225518
F1752,0.0010989919212497368
F1030,0.0010980324300862154
F1344,0.0010976488912720628
F447,0.0010962274874589673
F1363,0.001090223435504134
F1126,0.001090168821674009
F1480,0.0010897423873514889
F3682,0.0010878053802590992
F684,0.001087788353168695
F3615,0.001087754494617732
F1084,0.0010873181859240022
F1634,0.0010858526424301074
F577,0.0010809471526771475
F2330,0.0010779960095694818
F1095,0.0010758630897633736
F3732,0.001075274046945962
F1904,0.001075149671078357
F837,0.0010743567434264856
F1888,0.0010735015368026346
F1249,0.0010732109833040404
F1766,0.0010731215767115776
F648,0.0010727023738269503
F616,0.0010714125319170043
F1353,0.001069618001509176
F3170,0.00106774303583701
F2638,0.0010674947510461719
F2005,0.0010673147392906701
F549,0.0010671899878716973
F670,0.0010650348883552985
F3349,0.001064685910523333
F1695,0.00106364814657256
F2117,0.001063201937931857
F3613,0.0010629336948071444
F1110,0.0010612179638150865
F526,0.0010608250558890031
F3152,0.0010567222505754037
F825,0.0010526462324748076
F563,0.0010506182279589327
F706,0.0010478877077069182
F1329,0.0010478516237263369
F1770,0.0010468308226218026
F123,0.0010459791097567894
F3428,0.001044554826900912
F1476,0.001043017710666172
F1042,0.001042643141467292
F1715,0.001041965764500885
F574,0.0010412163318386236
F3650,0.0010409977302906492
F3666,0.001039702750959437
F3646,0.0010393728601681973
F2113,0.0010382123318705139
F1192,0.001036848949157787
F1182,0.0010366325379428387
F3685,0.0010355208045934594
F841,0.0010352061929653766
F2380,0.0010335736537895324
F760,0.0010327952957940312
F2070,0.0010319012094180957
F2227,0.0010314959727113493
F3815,0.001031490333309848
F1807,0.0010314657643273328
F2089,0.0010301516996701343
F3683,0.0010299416084742496
F921,0.0010295682343549606
F3197,0.0010264254359868552
F272,0.0010264132698548645
F2991,0.0010233168458984032
F1232,0.0010219053891481478
F3860,0.0010212981145498734
F3889,0.0010211725963410467
F155,0.0010201594030472272
F795,0.0010190796864708584
F650,0.0010166059916265624
F3204,0.0010122545722003329
F1149,0.0010113806102548528
F1981,0.001011173051541192
F456,0.0010083053726501756
F3633,0.001007502323713494
F818,0.001006721775511199
F1768,0.0010046196147235342
F3790,0.0010034056467476127
F1193,0.0010033980143629995
F2992,0.0010010740269630336
F1532,0.0010003890340601895
F1365,0.0009997864400670409
F3327,0.0009994103607091631
F3356,0.0009983235746090502
F3199,0.0009977497218747189
F645,0.000996367808070997
F1975,0.0009930341185779845
F3868,0.0009922310625570807
F366,0.0009921579606003705
F1123,0.0009912767187458815
F25,0.0009880618120623463
F2160,0.0009875666780504444
F3922,0.0009872501545049595
F1731,0.0009863849052461626
F3145,0.000981319609870579
F989,0.000981250474353157
F2287,0.0009805835547398445
F1661,0.0009803734575594136
F1772,0.0009799941741175378
F3652,0.00097930003524338
F1254,0.000979160517844857
F2490,0.0009775391918976917
F2549,0.0009764899802126026
F256,0.0009751796608632457
F3707,0.0009747615001745036
F2248,0.000974732934897693
F1043,0.0009722499652996541
F3273,0.0009682305807620084
F2884,0.0009677284360090077
F920,0.0009670522100511114
F3183,0.0009657730005735443
F1586,0.0009650972717744066
F1799,0.0009641674954380397
F1507,0.0009641437956693366
F3324,0.0009629227106884297
F1565,0.0009627857118695848
F3249,0.0009623443436573842
F1519,0.0009620516420486558
F1552,0.0009609282640690164
F3736,0.0009608727448295884
F738,0.0009608723247377382
F894,0.0009605178841416429
F1299,0.0009594917006067183
F2737,0.000958838539594109
F28,0.0009580811003044865
F1624,0.0009573152739867918
F699,0.0009545364315215465
F2088,0.0009542255135724931
F3542,0.0009530074286917545
F1225,0.0009523890176041938
F302,0.0009515845462493289
F1005,0.0009514248462104691
F1669,0.0009447183012447624
F2682,0.0009404393912528786
F1593,0.0009393236769783542
F743,0.0009357689902358413
F1140,0.0009352764627909016
F1153,0.0009344483139293036
F536,0.0009310599396518127
F1832,0.0009305794245596521
F851,0.0009291438286347375
F3777,0.0009263299259381075
F660,0.0009261377440865637
F643,0.0009241556354183666
F3766,0.0009238096129738915
F985,0.000923647078436951
F454,0.0009234621996057069
F2888,0.0009229364436365017
F2347,0.0009223065906243111
F3006,0.0009222375342786693
F3497,0.0009174905368051212
F3713,0.0009163130459632907
F1730,0.0009153948161879644
F431,0.0009105864468955671
F1544,0.0009076876353636409
F244,0.000907280014890155
F731,0.0009065653931489281
F141,0.0009051127513675095
F2081,0.000904936347997598
F2046,0.0009046113217238139
F3427,0.0009043958276547803
F1001,0.0009034721504078691
F3757,0.0009014931443129814
F1944,0.0008986272043407517
F2451,0.0008971093128280483
F1143,0.0008969401900330576
F1079,0.000896362293624775
F3433,0.0008963365816762048
F2478,0.0008961052998053276
F1291,0.0008951847228256815
F1847,0.0008942575898323035
F1370,0.0008942451398037399
F3210,0.0008915511329401493
F1289,0.00089148252129434
F1246,0.0008909106685530688
F1588,0.0008908722673680591
F666,0.0008892029069405005
F221,0.0008867169121089535
F2051,0.0008860071184342289
F3720,0.0008845884670567461
F712,0.0008837000363073333
F737,0.0008821654700926773
F3670,0.0008808727108995384
F1257,0.0008783309253624916
F2778,0.0008782955603287013
F1041,0.0008778101330703114
F1991,0.0008776213755693485
F1698,0.0008763155645732379
F1876,0.0008756688067029783
F722,0.0008744950715644517
F3608,0.000873806273328448
F3477,0.000871991684491702
F1124,0.0008711971921511186
F1371,0.0008698670606887005
F763,0.0008687524734811714
F1727,0.0008686733782347078
F1649,0.0008682817005642995
F2690,0.000865300461339813
F233,0.0008638185585013725
F1392,0.0008625986546582087
F374,0.0008623748701399592
F860,0.0008589147915604167
F3612,0.0008583304776166312
F1942,0.0008580279972932869
F1442,0.0008571932022511941
F464,0.0008561836188721861
F3239,0.0008558982867046261
F3892,0.000855762907610913
F1288,0.0008540565563339708
F901,0.0008532157496721204
F694,0.0008527418561863342
F205,0.0008525015753526599
F677,0.0008497669513890527
F1196,0.000849082999458517
F726,0.0008442102432790755
F1248,0.0008441502073058826
F3715,0.0008425201178635655
F3229,0.0008406261073636845
F1316,0.0008395579314595114
F196,0.0008366208493000293
F3424,0.000835936704552176
F1470,0.0008334274975531075
F1049,0.0008331872657392214
F1271,0.0008323183228301501
F857,0.0008321728021757346
F2751,0.0008319358642688846
F1663,0.0008312245736331603
F3260,0.000829571780894045
F3102,0.0008292283282441693
F1463,0.0008264336177454812
F612,0.0008249795659487358
F152,0.0008226954058285774
F2482,0.0008208173782987549
F662,0.0008190879392476758
F15,0.0008171427684197097
F3866,0.0008158595827379989
F3383,0.0008146454395085989
F3556,0.0008140727635698175
F323,0.00081281685082224
F2013,0.000811889078724426
F2899,0.0008085156199886256
F1342,0.0008084728302415467
F3538,0.0008051606776909859
F227,0.0008011481879920401
F934,0.0008003167678326539
F1757,0.0007999793271019628
F2283,0.0007990714346044481
F1349,0.0007978182799450728
F3635,0.0007967911703081754
F755,0.0007914976820361241
F1217,0.0007914402482184224
F1150,0.0007899478588004882
F936,0.0007893565770094035
F318,0.0007882944911271617
F1223,0.0007799752915835789
F1850,0.0007798678534990389
F3520,0.0007798200786421905
F1870,0.0007795721793460997
F1293,0.0007792604947355342
F1197,0.0007742458503467997
F2343,0.0007713085444501777
F1374,0.0007708414318265966
F3703,0.0007687969972046682
F3445,0.0007672909316822629
F2350,0.0007666679076500094
F1795,0.000765118807670051
F631,0.0007641223752573589
F1801,0.0007623900170817821
F2208,0.0007615326758171337
F253,0.0007612582222162878
F1515,0.0007582917283973645
F3213,0.0007569088498227128
F409,0.0007567931366054825
F1075,0.0007550652003665004
F709,0.0007519470791117477
F1039,0.000749625782934138
F3917,0.000749149648809122
F3760,0.0007491449083593116
F2341,0.000748546490962787
F1756,0.0007484647055268079
F1313,0.0007478756858844138
F3714,0.000747513398424382
F1296,0.0007473488213322055
F845,0.0007461562173946001
F1352,0.0007452967091815532
F791,0.0007437575332231994
F1335,0.000742534503523129
F473,0.0007408123330167049
F905,0.000740324696797634
F1119,0.0007400446647192194
F2535,0.000739303762542054
F306,0.0007392812476920696
F3919,0.0007375570114577235
F3785,0.0007374817975693837
F2166,0.0007369145504494412
F1902,0.0007359035370537725
F2015,0.0007351732372851139
F969,0.0007324018728555037
F2384,0.0007320773559126303
F53,0.0007310078822424515
F1441,0.0007306303498210154
F2394,0.0007303599020163087
F1556,0.0007302714819328315
F3692,0.0007302428684007323
F990,0.0007295683749141135
F1256,0.0007280938708577045
F800,0.0007266991141624546
F2247,0.000726157871901556
F1970,0.0007259840527513717
F13,0.0007257490525368615
F809,0.0007216661448286033
F3381,0.0007214333672102002
F326,0.0007163373995577871
F3343,0.0007160996575269474
F2678,0.0007148469887691133
F247,0.0007134271876996223
F56,0.0007132925109637478
F1230,0.0007110577859246181
F1697,0.0007103053739511145
F1564,0.0007098528456158659
F3244,0.0007075749520518704
F3541,0.0007067238772886508
F3554,0.0007064817116332334
F675,0.0007038104914299792
F258,0.0007029192918830418
F606,0.0007026625888787441
F3391,0.0007010318392798309
F1906,0.0007007423945173397
F2172,0.0006979710511911819
F1844,0.0006973762357468383
F2167,0.0006964252537315918
F1222,0.0006956213544917489
F2255,0.0006955947138663765
F1875,0.000695539388887112
F2106,0.0006923563198416582
F1740,0.0006890852820877758
F884,0.0006886565238313214
F1438,0.000687793208379528
F303,0.0006869151867214818
F328,0.000684959701344301
F3823,0.0006807705712467138
F833,0.0006797165811774919
F747,0.0006789881155151445
F842,0.0006779414948695495
F1817,0.0006760890388711749
F3552,0.0006750027608657394
F2636,0.0006749174012515846
F1290,0.0006735633757164461
F2995,0.00067275723709459
F461,0.0006722726074687158
F3867,0.0006719550082953107
F537,0.0006699229128406259
F2297,0.0006688996397478109
F1675,0.0006684264708218812
F1949,0.0006671793663259873
F2131,0.0006667847156350826
F1410,0.0006665678821518028
F330,0.0006625298130092938
F1198,0.0006617138032117831
F359,0.0006568340137421691
F566,0.00065542962399745
F1786,0.0006525551162741561
F1559,0.0006517031865058698
F1129,0.0006494525643768734
F3795,0.0006485227195807131
F2002,0.0006476770418081257
F3303,0.0006467264755345425
F2126,0.0006456273831249026
F1176,0.0006448933276832491
F2547,0.0006443998648560934
F1960,0.0006436914890854961
F1699,0.0006428036654183567
F1580,0.0006416972391152242
F2543,0.0006411370233718738
F3653,0.0006396417252271247
F1982,0.0006394735798734841
F3144,0.0006385446621338664
F2544,0.0006384896579556543
F3829,0.0006380856698627868
F423,0.000637748644440328
F1449,0.0006376296489933875
F1700,0.0006357782433261683
F1629,0.0006352145748090843
F1866,0.000631670505478743
F3687,0.0006298472672530142
F3382,0.0006293481684470636
F4,0.0006289991661923011
F2045,0.0006271190738464938
F3729,0.000625895047637659
F3569,0.0006244916743853857
F3734,0.0006242419457621606
F1659,0.0006239285339632028
F1720,0.00062336376392369
F700,0.0006229286061704142
F1998,0.0006200610042180754
F1347,0.0006196955343166222
F1467,0.0006191464163143312
F2254,0.0006178241516981986
F3869,0.0006176429838231634
F3774,0.0006159867773275485
F1805,0.0006159389098651102
F1,0.0006153874823958683
F232,0.0006144044963887207
F978,0.0006139545567723781
F1509,0.0006128691563200839
F1400,0.0006104193845223316
F1297,0.0006076548523182845
F2152,0.000607047220391399
F1940,0.0006057994801532685
F1364,0.0006053418623197526
F3172,0.0006031588054369319
F1444,0.0006024101984555275
F1292,0.0006023980732923206
F426,0.00060227963684234
F624,0.0006006231828523667
F3900,0.0006000951400869647
F3830,0.0005988261129364902
F3435,0.000598592931305264
F3882,0.0005970047602242845
F967,0.0005957016687537786
F2896,0.0005947951259340778
F906,0.0005941271289080508
F3301,0.0005929926948770037
F1592,0.0005926672095338814
F531,0.0005920891155141161
F2344,0.0005885416943884891
F881,0.0005873227462761532
F1636,0.0005836238243278613
F710,0.0005831517996151003
F2252,0.0005810993898650585
F1575,0.0005785455049560628
F364,0.0005784548337681716
F1038,0.0005766384716094919
F673,0.0005752750103519277
F2536,0.0005746223700929809
F1098,0.0005718675737526047
F1164,0.0005713430054131718
F941,0.0005690136393032841
F1546,0.0005684207523464213
F2494,0.0005675908152438236
F362,0.0005669026720853676
F3676,0.0005646150926965632
F2743,0.0005640352243960756
F1995,0.0005636921973573017
F2205,0.0005634326403666234
F3547,0.0005623095844577986
F16,0.0005621401305658802
F2259,0.0005600003771193407
F3630,0.0005598061799569898
F1485,0.0005559525497191853
F1357,0.0005524168657118356
F3902,0.0005494527109766167
F1076,0.0005484808816956788
F1440,0.0005476524455761966
F1451,0.0005465219139988431
F1250,0.0005461069624729253
F1831,0.0005455067982038653
F3431,0.0005450738245362796
F1873,0.0005434455080477463
F3507,0.0005412326079375918
F1158,0.0005395038450786149
F1147,0.0005388427667807338
F3529,0.0005387251068715848
F3745,0.0005380365386215002
F761,0.00053765091466218
F3887,0.0005372637736429375
F2075,0.000536523552180701
F3398,0.0005356942828261824
F2424,0.0005323068886149418
F2016,0.0005309227001617511
F3584,0.000528778823739251
F3571,0.0005272352798487701
F2750,0.0005265334629798168
F1931,0.0005230423572863963
F2282,0.0005229496480639861
F1626,0.000522782748763384
F1804,0.000521811908456904
F2121,0.0005217360423889206
F789,0.0005216912083106928
F752,0.0005215080951562756
F3655,0.0005211150180528534
F2157,0.0005210840485693202
F966,0.0005208381809732598
F2258,0.0005203532081548001
F2541,0.0005197356257690133
F2740,0.0005178897506773472
F1620,0.0005126197414571099
F2679,0.0005109172165950193
F1914,0.0005105698836165296
F1512,0.0005084977278660974
F3353,0.0005068437942552517
F3047,0.0005053714486382699
F1295,0.000505170838261626
F3657,0.0005048269583357579
F1144,0.0005041512812348214
F1305,0.0005025595903416225
F534,0.0005017178933173216
F2427,0.0005015982784354334
F735,0.0005015407740844857
F3846,0.0005007675623681651
F1667,0.0005002637919786501
F1899,0.0005002106611786683
F2885,0.0004996865518304139
F1986,0.0004957422973653758
F1304,0.0004956421084398865
F756,0.000494364052658347
F1793,0.0004934363670292541
F1367,0.000489747404711971
F3364,0.00048798633747715314
F1790,0.0004871227061290506
F769,0.00048686237700179547
F1238,0.0004854818406475614
F1524,0.00048410819888300427
F2132,0.0004840370801998395
F1397,0.0004836932776518532
F3546,0.00048276933470980943
F1632,0.0004826584031298875
F1739,0.00048205035902737503
F3577,0.0004804330495163933
F690,0.0004798754064063715
F220,0.0004793382822297909
F1808,0.00047831501190509496
F2735,0.0004782099137673468
F1959,0.0004772365736914752
F786,0.00047671586909125985
F657,0.00047658400398309375
F3819,0.00047545455357156374
F1450,0.00047457053533117577
F1778,0.000473008325421409
F3847,0.0004699631746731825
F547,0.00046924571497164447
F1375,0.00046850809469478616
F1656,0.0004684828874644831
F1848,0.00046847567889518604
F1460,0.00046776031044681865
F3651,0.0004671752553865316
F3307,0.0004644032043812363
F1783,0.00046350397636629737
F1456,0.000462006069394727
F1846,0.00046160156427244026
F1601,0.00045870583842189117
F1999,0.0004579837891854899
F831,0.0004576444818238379
F1448,0.0004571776303619046
F1696,0.00045676001306205194
F1798,0.00045662328791218343
F3091,0.00045154695137483714
F3852,0.0004504546636493467
F1614,0.00045005868164271767
F2199,0.000449758878272033
F1623,0.00044915567255687794
F3758,0.00044562591803565255
F2539,0.0004451886820006079
F1014,0.00044355296396803023
F1905,0.00044260739532409055
F1020,0.00044145161656283793
F2734,0.0004409568096731542
F1978,0.00044009738903583173
F816,0.0004393928514928591
F151,0.0004390663759099578
F1004,0.00043656360224297863
F885,0.0004365517343043468
F3588,0.00043597643383508355
F732,0.00043510050193806826
F1903,0.0004343313189059117
F1377,0.0004340151935338099
F3723,0.0004339460630727876
F859,0.0004320854936642471
F3385,0.0004317482304421194
F2996,0.0004306633879099797
F849,0.0004294677302987271
F3161,0.00042946081328565366
F1574,0.00042890397716099926
F3231,0.0004283309317525408
F1779,0.00042697297993510297
F2776,0.00042637975173120957
F1776,0.0004249950226480337
F3870,0.00042193867250062134
F565,0.0004207162386130614
F305,0.0004194843360179057
F3907,0.00041785026170915174
F3693,0.0004166683882469435
F142,0.0004164844058679451
F823,0.00041643402323143786
F2128,0.00041567821647536807
F1568,0.0004156389130369753
F3697,0.0004151257109676898
F29,0.00041424041262938527
F1894,0.0004129539985907593
F965,0.0004117945699934067
F2028,0.00041132666296439524
F1037,0.0004110885856363211
F3415,0.0004069234227173091
F1895,0.0004044645250822487
F1136,0.00040397209242137855
F112,0.00040198516538536566
F1506,0.00040128739958245063
F2196,0.0004011696132502074
F719,0.00039872792142281455
F2782,0.0003977638770151781
F3772,0.0003976518926488426
F3508,0.00039478977424012296
F618,0.00039122446764261465
F1773,0.0003904805493715191
F1994,0.0003889620759421897
F1127,0.0003874971076947009
F3754,0.00038738617940992093
F1265,0.00038709638754130804
F3617,0.00038542119213424986
F463,0.0003850639226969932
F2647,0.00038325329387112195
F3516,0.0003824418847035993
F334,0.0003823045005911796
F633,0.00038202598291725565
F3793,0.00037971186088825437
F3923,0.0003790277992515856
F3562,0.00037882801740773964
F928,0.0003781494069484692
F329,0.00037721237486809667
F867,0.00037705686527167437
F1643,0.0003765984796811894
F1226,0.00037571867202246256
F937,0.0003748506500940163
F1840,0.00037336564847978426
F508,0.0003726319938806011
F1555,0.00037195269398226927
F3891,0.0003701802038545976
F3915,0.0003690161609954945
F3594,0.0003687538260450651
F834,0.00036727029901295616
F3408,0.0003671331701869951
F1889,0.0003661206607801226
F1628,0.00036434143946662
F1668,0.0003642988598786534
F2110,0.0003628103179686981
F335,0.0003623802579699742
F510,0.00036226935415395456
F668,0.00036213508022331364
F1787,0.00036180543171115964
F689,0.00035961736517109433
F320,0.0003540642581483233
F3824,0.00035378146198195015
F3590,0.0003523546128906263
F3610,0.000348606161011622
F3759,0.00034764005456788816
F1828,0.00034681501982725127
F1373,0.00034603225012130867
F1072,0.0003457988601897055
F3858,0.0003452084491499807
F3596,0.0003447909045330988
F1044,0.00034457304906476693
F1882,0.00034309929940490314
F1252,0.000341778422735195
F1650,0.00034160453314180383
F1264,0.0003414508787883408
F430,0.0003410953350602153
F3694,0.0003405015849329285
F1439,0.00033935900520354334
F2747,0.00033849358004234276
F1617,0.00033836760879091266
F728,0.00033821076745021994
F2104,0.0003366663601932496
F914,0.00033662048026850133
F968,0.0003353682601122676
F654,0.0003318427322559492
F2783,0.0003314462474494073
F3725,0.000330456526145384
F575,0.00032963922536555224
F249,0.00032793472194392326
F319,0.000327801807063155
F509,0.00032743772638588187
F1455,0.00032722572447796416
F1874,0.0003271353470929439
F2027,0.000327000588217774
F1692,0.0003265023254307442
F3527,0.00032343334321038864
F817,0.0003209455308783582
F2178,0.00032060541221468064
F1884,0.0003205414176300492
F2221,0.0003198395567176604
F1161,0.0003193339588878352
F1774,0.00031859360365460443
F1989,0.00031771903874788787
F252,0.0003139974595542938
F3605,0.00031389710304075
F2004,0.0003129876227413453
F1557,0.0003108655602113153
F615,0.0003072268012218604
F1591,0.0003060141174425768
F2749,0.00030522207718108874
F971,0.0003042642787690619
F1833,0.00030100651057041183
F2680,0.0003008127845793851
F327,0.0002993576821369581
F3787,0.00029839399728115445
F1116,0.00029785673837368076
F2165,0.00029776399998848735
F877,0.0002966543826072865
F1901,0.00029653049852262914
F468,0.0002933093507069273
F226,0.00028924836061017256
F1745,0.0002880890490036814
F2249,0.00028795770718881286
F3235,0.0002872495498605909
F3857,0.00028638954586857057
F1458,0.00028512282583581516
F898,0.00028470126889235114
F358,0.00028389938319306474
F1891,0.00028249160541593543
F332,0.00028165133456869995
F1258,0.0002805071093154865
F3524,0.00027839625486003605
F663,0.0002783780205083408
F1133,0.0002715666377937076
F766,0.000271507048569708
F1973,0.0002713088235012373
F1332,0.0002712617811690965
F2243,0.0002704334635263983
F3654,0.00026996999824924206
F2107,0.0002687709490026835
F803,0.00026726930042075825
F2060,0.00026573240596095005
F1261,0.00026485629282835266
F909,0.00026420093785883836
F1227,0.00026378005199145793
F1792,0.00026186559388963193
F778,0.00026170809356806934
F2538,0.0002578737686760313
F1648,0.0002549867550678542
F3278,0.00025406053750143265
F365,0.0002530674945602218
F3894,0.00025281347393413256
F1839,0.0002516778527862362
F3863,0.00025136277042581145
F1154,0.00024998422484234784
F858,0.0002495476670009156
F1311,0.00024796151000794353
F3348,0.0002472481938255999
F1228,0.0002467025236088105
F3572,0.00024514579277601367
F3771,0.00024440479342957566
F1979,0.00024434706652864957
F1694,0.00024402201596296358
F783,0.00024380332367313073
F1843,0.00024086200410755598
F3637,0.00023790139165369428
F882,0.00023728934542921465
F1946,0.00023482275771602446
F1886,0.00023463830578118738
F1013,0.00023423439263281498
F552,0.00023391232079839064
F2020,0.00023385907886919188
F2033,0.00023261615322045515
F3765,0.00023135801781315468
F1034,0.0002294048111797231
F1433,0.00022893420046832258
F3888,0.00022793530673581586
F1334,0.00022674828912661038
F1789,0.00022623239211816415
F2058,0.00022417758701398505
F3478,0.00022405926193613812
F2133,0.00022234002201537706
F3389,0.00022165058335854582
F931,0.00022085568805696454
F2082,0.0002183270474140908
F713,0.00021450741107875704
F322,0.00021191431501521585
F2993,0.00021149042495649528
F3874,0.0002093528189252014
F3483,0.00020930461136503542
F3504,0.00020769457727443097
F1558,0.00020626471823159687
F622,0.0002052822584786007
F1175,0.00020528054616286706
F3920,0.00020376869498694994
F2648,0.00020311271318163016
F3629,0.0002025494215937007
F1358,0.00020018408048039227
F1782,0.00020005783498411311
F3909,0.00019783263351802471
F1563,0.00019522295538487722
F1402,0.00019243813822567013
F1007,0.00018996507522606176
F1738,0.00018894821920234506
F3828,0.00018764835415807646
F3883,0.00018720893782830927
F2066,0.00018706970954740498
F3678,0.00018579621681313885
F798,0.00018533243214147177
F1729,0.00018517928615968682
F150,0.00018494892008869002
F2493,0.00018438609326942856
F1657,0.00018398163173194426
F1549,0.00018385903532069925
F1943,0.000183693687292652
F2542,0.0001830494092841528
F674,0.00018161725814380691
F1132,0.00017914554003828354
F530,0.00017908181357750852
F1362,0.00017739562362628636
F3686,0.00017557620894492754
F1233,0.0001751066689398284
F1354,0.00017500829811234464
F1771,0.00017283872015927404
F3093,0.0001726409908517912
F1674,0.00017115171962733822
F1952,0.00017043196767529967
F637,0.0001701811248545626
F2061,0.00016893733958334156
F3901,0.00016759985450631731
F3517,0.00016729180109320563
F2994,0.00016490553942594133
F1953,0.00016431086314727672
F3721,0.0001609557117667748
F619,0.00015960109516310883
F2122,0.00015855244366258514
F1121,0.0001582602928352772
F2006,0.0001577749359384928
F1346,0.00015678301823729424
F424,0.0001565846130540116
F1356,0.0001544929748649171
F1577,0.00015393962936571803
F3803,0.0001531158712378966
F1018,0.00015282890933143722
F562,0.00015212635641970174
F1658,0.00015114732857879343
F528,0.00014924909561064847
F1031,0.00014903024423806865
F1482,0.00014648531346783678
F979,0.00014571404399854604
F880,0.0001454823863116239
F774,0.00014521819398216618
F621,0.00014382041779414934
F2445,0.00014352935884298645
F913,0.00014206791527970886
F3673,0.00014201568541005738
F1521,0.00013850456245989573
F779,0.0001351583098330167
F520,0.0001346345068622412
F2215,0.0001341171680255826
F767,0.00013366296276551282
F3084,0.00013263104769889456
F2055,0.00013198855324103587
F1573,0.0001313033178141909
F2025,0.00013073172441113723
F788,0.00012859063351955413
F1762,0.0001260086821504025
F475,0.0001238548837553255
F723,0.0001221202048387049
F2246,0.00012163630394002034
F3094,0.00012098325163156787
F1120,0.0001204715089503372
F3625,0.000119975025373531
F701,0.00011926238955850543
F1961,0.00011820425356534603
F3399,0.00011733408431058301
F865,0.00011733344048581174
F3728,0.0001163763467579848
F3701,0.00011613548743794055
F607,0.00011044290063910722
F3733,0.00011018505786897226
F1073,0.00010980720173814351
F3521,0.00010922930019674482
F983,0.00010823890062194863
F1841,0.00010799435973463112
F652,0.00010676768048534235
F1011,0.00010533942447343847
F1015,0.00010469551832414936
F2579,0.00010333010353957839
F1980,0.00010048500732551258
F3769,9.932225223319158e-05
F3879,9.723230744973499e-05
F2069,9.635431592758259e-05
F1547,9.564247606852483e-05
F2039,9.264751674509242e-05
F1300,9.048923001753195e-05
F3816,8.990950122966801e-05
F2219,8.845786848832304e-05
F3359,8.747225207728082e-05
F2112,8.484953897036629e-05
F3473,8.287949861018884e-05
F3418,8.066275174667403e-05
F1024,7.861536632791655e-05
F2053,7.727165307702677e-05
F2522,7.676128427425155e-05
F1350,7.48998705211168e-05
F2173,6.998242471401017e-05
F2545,6.908474207867332e-05
F1589,6.681400875208077e-05
F1026,6.527204542117193e-05
F2285,6.520017782740695e-05
F785,6.2402431254438e-05
F2000,6.149590868631538e-05
F1269,5.950864465043004e-05
F2578,5.92270585230148e-05
F757,5.8367701068373634e-05
F828,5.822972784685909e-05
F2159,5.708257531289451e-05
F922,5.706108064196247e-05
F981,5.684346999779155e-05
F535,5.502415391556159e-05
F982,5.3268629853553406e-05
F1348,5.2326995755413996e-05
F3193,5.1531800945525674e-05
F243,4.9985123898199646e-05
F3205,4.9010881889244295e-05
F3788,4.740327303109915e-05
F3469,4.706440964041825e-05
F3621,4.5535001267582587e-05
F3366,4.552236393118303e-05
F3656,4.5240314952121885e-05
F3550,4.195745948532004e-05
F3620,4.185736203721202e-05
F696,4.123707546188626e-05
F2635,3.978683596406185e-05
F3563,3.5707790514760696e-05
F2791,3.5395727273179745e-05
F2253,3.488604793577821e-05
F781,3.374596972460786e-05
F2641,3.294970019462884e-05
F698,3.26269895307707e-05
F862,3.1421450177537835e-05
F2779,2.910457665872279e-05
F879,2.889820565066259e-05
F1276,2.602700635745414e-05
F3320,2.3773803767834778e-05
F2691,2.209891380189344e-05
F2154,2.039557427213623e-05
F1728,1.4011237610356275e-05
F1879,1.3078558976142851e-05
F2170,1.083979512539468e-05
F2201,1.0081313875032194e-05
F1613,9.03118136574843e-06
F1508,8.266236640186442e-06
F27,5.512033543486616e-06
F3660,4.743463353551469e-06
F3475,3.898570147375935e-06
F784,3.7892580412313137e-06
F1118,2.0816379839860844e-06
F751,1.0152220053516459e-06
F3414,8.565309900232521e-07
F23,0.0
F459,0.0
F3897,0.0
F830,0.0
F457,0.0
F432,0.0
F100,0.0
F829,0.0
F420,0.0
F3910,0.0
F793,0.0
F3582,0.0
F794,0.0
F3585,0.0
F467,0.0
F3831,0.0
F3531,0.0
F3523,0.0
F3821,0.0
F792,0.0
F3591,0.0
F3826,0.0
F3921,0.0
F3589,0.0
F3525,0.0
F17,0.0
F3918,0.0
F3827,0.0
F832,0.0
F21,0.0
F22,0.0
F3848,0.0
F3587,0.0
F3586,0.0
F797,0.0
F3864,0.0
F3579,0.0
F3884,0.0
F819,0.0
F3818,0.0
F246,0.0
F3543,0.0
F810,0.0
F811,0.0
F812,0.0
F813,0.0
F3903,0.0
F814,0.0
F808,0.0
F815,0.0
F3553,0.0
F3551,0.0
F3545,0.0
F3549,0.0
F145,0.0
F3548,0.0
F147,0.0
F202,0.0
F820,0.0
F3565,0.0
F827,0.0
F3574,0.0
F826,0.0
F331,0.0
F3862,0.0
F148,0.0
F824,0.0
F3905,0.0
F801,0.0
F3865,0.0
F3575,0.0
F802,0.0
F3566,0.0
F325,0.0
F3904,0.0
F822,0.0
F3570,0.0
F821,0.0
F805,0.0
F806,0.0
F300,0.0
F274,0.0
F3880,0.0
F3684,0.0
F3593,0.0
F665,0.0
F725,0.0
F678,0.0
F676,0.0
F3659,0.0
F3658,0.0
F671,0.0
F3718,0.0
F669,0.0
F667,0.0
F3724,0.0
F729,0.0
F3726,0.0
F664,0.0
F680,0.0
F835,0.0
F659,0.0
F734,0.0
F658,0.0
F3647,0.0
F739,0.0
F656,0.0
F741,0.0
F746,0.0
F748,0.0
F655,0.0
F3739,0.0
F679,0.0
F724,0.0
F790,0.0
F711,0.0
F702,0.0
F3689,0.0
F704,0.0
F3681,0.0
F707,0.0
F708,0.0
F697,0.0
F3677,0.0
F695,0.0
F693,0.0
F3674,0.0
F691,0.0
F3699,0.0
F681,0.0
F714,0.0
F715,0.0
F3702,0.0
F688,0.0
F717,0.0
F3704,0.0
F687,0.0
F686,0.0
F685,0.0
F720,0.0
F683,0.0
F682,0.0
F3740,0.0
F749,0.0
F653,0.0
F780,0.0
F3781,0.0
F3616,0.0
F613,0.0
F611,0.0
F610,0.0
F775,0.0
F776,0.0
F777,0.0
F3786,0.0
F3791,0.0
F3792,0.0
F3794,0.0
F561,0.0
F750,0.0
F559,0.0
F546,0.0
F703,0.0
F544,0.0
F787,0.0
F3599,0.0
F533,0.0
F532,0.0
F527,0.0
F524,0.0
F521,0.0
F3814,0.0
F617,0.0
F3779,0.0
F773,0.0
F3778,0.0
F3743,0.0
F651,0.0
F3746,0.0
F647,0.0
F758,0.0
F759,0.0
F644,0.0
F642,0.0
F764,0.0
F3631,0.0
F640,0.0
F639,0.0
F638,0.0
F3755,0.0
F3628,0.0
F636,0.0
F632,0.0
F629,0.0
F3762,0.0
F3767,0.0
F3768,0.0
F3770,0.0
F768,0.0
F620,0.0
F770,0.0
F3731,0.0
F2194,0.0
F839,0.0
F3157,0.0
F1834,0.0
F1830,0.0
F1829,0.0
F2788,0.0
F1806,0.0
F1803,0.0
F1796,0.0
F1791,0.0
F1788,0.0
F1784,0.0
F1781,0.0
F1780,0.0
F1777,0.0
F2883,0.0
F2887,0.0
F1769,0.0
F1765,0.0
F1763,0.0
F1743,0.0
F1742,0.0
F1741,0.0
F1835,0.0
F1838,0.0
F2746,0.0
F1885,0.0
F1911,0.0
F1908,0.0
F1896,0.0
F2642,0.0
F1893,0.0
F2646,0.0
F1892,0.0
F1890,0.0
F1887,0.0
F2683,0.0
F2745,0.0
F1881,0.0
F1880,0.0
F1878,0.0
F1877,0.0
F1871,0.0
F1849,0.0
F2738,0.0
F2739,0.0
F2744,0.0
F1736,0.0
F1733,0.0
F1724,0.0
F1578,0.0
F1616,0.0
F1612,0.0
F1595,0.0
F1590,0.0
F1587,0.0
F3099,0.0
F1584,0.0
F1581,0.0
F1579,0.0
F1576,0.0
F1622,0.0
F1571,0.0
F1569,0.0
F1567,0.0
F1566,0.0
F1561,0.0
F1560,0.0
F1554,0.0
F1553,0.0
F1526,0.0
F1619,0.0
F1630,0.0
F1722,0.0
F1677,0.0
F1721,0.0
F1689,0.0
F1688,0.0
F1686,0.0
F1685,0.0
F1684,0.0
F1682,0.0
F1680,0.0
F1679,0.0
F1673,0.0
F1631,0.0
F1672,0.0
F1671,0.0
F1670,0.0
F1666,0.0
F1664,0.0
F1660,0.0
F3043,0.0
F3044,0.0
F1654,0.0
F1912,0.0
F2591,0.0
F2590,0.0
F2105,0.0
F2245,0.0
F2130,0.0
F2251,0.0
F2127,0.0
F2257,0.0
F2118,0.0
F2116,0.0
F2115,0.0
F2108,0.0
F2103,0.0
F2231,0.0
F2102,0.0
F2101,0.0
F2100,0.0
F2298,0.0
F2327,0.0
F2099,0.0
F2098,0.0
F2097,0.0
F2096,0.0
F2234,0.0
F2153,0.0
F2094,0.0
F2211,0.0
F2174,0.0
F2198,0.0
F2200,0.0
F2202,0.0
F2204,0.0
F2206,0.0
F2207,0.0
F2209,0.0
F2210,0.0
F2212,0.0
F2228,0.0
F2214,0.0
F2216,0.0
F2217,0.0
F2163,0.0
F2162,0.0
F2222,0.0
F2156,0.0
F2226,0.0
F2155,0.0
F2095,0.0
F2092,0.0
F1913,0.0
F1939,0.0
F1983,0.0
F1956,0.0
F1948,0.0
F2534,0.0
F2537,0.0
F2540,0.0
F1945,0.0
F2546,0.0
F1941,0.0
F2550,0.0
F1985,0.0
F2575,0.0
F2576,0.0
F1937,0.0
F2581,0.0
F2582,0.0
F2583,0.0
F1917,0.0
F1916,0.0
F1915,0.0
F1984,0.0
F1987,0.0
F2090,0.0
F2023,0.0
F2087,0.0
F2065,0.0
F2063,0.0
F2054,0.0
F2050,0.0
F2383,0.0
F2048,0.0
F2047,0.0
F2024,0.0
F2022,0.0
F1988,0.0
F2012,0.0
F2011,0.0
F2439,0.0
F2008,0.0
F2001,0.0
F1997,0.0
F1993,0.0
F1992,0.0
F1990,0.0
F1523,0.0
F1518,0.0
F840,0.0
F1517,0.0
F1010,0.0
F1009,0.0
F1008,0.0
F1002,0.0
F992,0.0
F986,0.0
F984,0.0
F980,0.0
F975,0.0
F3413,0.0
F974,0.0
F973,0.0
F945,0.0
F943,0.0
F942,0.0
F940,0.0
F935,0.0
F933,0.0
F932,0.0
F930,0.0
F927,0.0
F1016,0.0
F1017,0.0
F1019,0.0
F1051,0.0
F1088,0.0
F1085,0.0
F1082,0.0
F1080,0.0
F1078,0.0
F1077,0.0
F1053,0.0
F1052,0.0
F3361,0.0
F1047,0.0
F1021,0.0
F1040,0.0
F1036,0.0
F1035,0.0
F1032,0.0
F1029,0.0
F1027,0.0
F1025,0.0
F1023,0.0
F1022,0.0
F926,0.0
F925,0.0
F924,0.0
F863,0.0
F875,0.0
F874,0.0
F873,0.0
F872,0.0
F870,0.0
F869,0.0
F868,0.0
F866,0.0
F864,0.0
F861,0.0
F3482,0.0
F856,0.0
F855,0.0
F3509,0.0
F852,0.0
F848,0.0
F3513,0.0
F843,0.0
F3515,0.0
F3518,0.0
F876,0.0
F3479,0.0
F923,0.0
F904,0.0
F919,0.0
F917,0.0
F916,0.0
F915,0.0
F912,0.0
F911,0.0
F910,0.0
F908,0.0
F907,0.0
F903,0.0
F3474,0.0
F902,0.0
F899,0.0
F897,0.0
F896,0.0
F895,0.0
F893,0.0
F892,0.0
F887,0.0
F883,0.0
F1090,0.0
F1091,0.0
F1093,0.0
F1368,0.0
F1414,0.0
F1412,0.0
F1409,0.0
F1408,0.0
F1406,0.0
F1404,0.0
F1401,0.0
F1399,0.0
F1396,0.0
F1360,0.0
F1417,0.0
F1359,0.0
F1355,0.0
F1345,0.0
F1343,0.0
F1341,0.0
F1340,0.0
F1339,0.0
F1338,0.0
F1337,0.0
F1415,0.0
F1418,0.0
F1333,0.0
F3178,0.0
F1516,0.0
F1514,0.0
F1511,0.0
F1505,0.0
F1494,0.0
F1484,0.0
F1483,0.0
F1481,0.0
F1479,0.0
F1474,0.0
F1419,0.0
F1469,0.0
F1468,0.0
F1465,0.0
F1457,0.0
F1454,0.0
F1453,0.0
F1452,0.0
F1446,0.0
F1445,0.0
F1336,0.0
F1331,0.0
F1094,0.0
F1145,0.0
F1183,0.0
F1181,0.0
F1180,0.0
F1160,0.0
F1157,0.0
F1155,0.0
F1152,0.0
F1148,0.0
F1146,0.0
F1142,0.0
F1187,0.0
F1139,0.0
F1137,0.0
F1135,0.0
F1134,0.0
F1131,0.0
F1130,0.0
F1128,0.0
F1122,0.0
F1113,0.0
F1185,0.0
F1190,0.0
F1330,0.0
F1247,0.0
F1310,0.0
F1308,0.0
F1307,0.0
F1301,0.0
F1298,0.0
F1268,0.0
F1266,0.0
F1263,0.0
F1253,0.0
F1245,0.0
F1200,0.0
F1244,0.0
F1243,0.0
F1242,0.0
F1241,0.0
F1239,0.0
F1236,0.0
F1235,0.0
F1234,0.0
F1229,0.0
F1115,0.0
